{"count":1,"self":7694.565376,"total":276672.748733,"children":{"InitializeActuators":{"count":1,"self":0.0019944999999999997,"total":0.0019944999999999997,"children":null},"InitializeSensors":{"count":1,"self":0.0009971,"total":0.0009971,"children":null},"AgentSendState":{"count":46800719,"self":54.029638399999996,"total":445.8608716,"children":{"CollectObservations":{"count":9421669,"self":140.9284864,"total":140.928487,"children":null},"WriteActionMask":{"count":9421669,"self":4.7289227999999994,"total":4.7289227,"children":null},"RequestDecision":{"count":9421669,"self":12.7037528,"total":246.17382049999998,"children":{"AgentInfo.ToProto":{"count":9421669,"self":24.977352,"total":233.4700677,"children":{"GenerateSensorData":{"count":9421669,"self":208.4927104,"total":208.49271579999998,"children":null}}}}}}},"DecideAction":{"count":46800719,"self":268291.7748736,"total":268291.7690393,"children":null},"AgentAct":{"count":46800719,"self":236.62484479999998,"total":236.6258316,"children":{"AgentInfo.ToProto":{"count":59,"self":0,"total":0.0009938,"children":{"GenerateSensorData":{"count":59,"self":0.0009938,"total":0.0009938,"children":null}}}}},"AgentInfo.ToProto":{"count":155616,"self":0.4572365,"total":3.9222205,"children":{"GenerateSensorData":{"count":155616,"self":3.464984,"total":3.464984,"children":null}}}},"gauges":{"Walker.CumulativeReward":{"count":155675,"max":341.9005,"min":-2,"runningAverage":7.63687372,"value":-0.9999978,"weightedAverage":8.474341}},"metadata":{"timer_format_version":"0.1.0","start_time_seconds":"1642754926","unity_version":"2020.3.25f1","command_line_arguments":"C:\\Users\\link\\PycharmProjects\\link_rl\\b_environments\\unity\\UnityWalker\\windows\\UnityWalker.exe -nographics -batchmode --mlagents-port 5005","communication_protocol_version":"1.5.0","com.unity.ml-agents_version":"2.1.0-exp.1","scene_name":"Walker","end_time_seconds":"1643031599"}}