{"count":1,"self":360.2094336,"total":4069.2919177999997,"children":{"InitializeActuators":{"count":1,"self":0.0019944999999999997,"total":0.0019944999999999997,"children":null},"InitializeSensors":{"count":1,"self":0.0009973,"total":0.0009973,"children":null},"AgentSendState":{"count":2269288,"self":2.4346495999999997,"total":21.9862769,"children":{"CollectObservations":{"count":461559,"self":6.9934072,"total":6.9934075,"children":null},"WriteActionMask":{"count":461559,"self":0.2385573,"total":0.2385573,"children":null},"RequestDecision":{"count":461559,"self":0.612431,"total":12.3196626,"children":{"AgentInfo.ToProto":{"count":461559,"self":1.2530356999999999,"total":11.7072316,"children":{"GenerateSensorData":{"count":461559,"self":10.454196,"total":10.4541959,"children":null}}}}}}},"DecideAction":{"count":2269288,"self":3673.9555327999997,"total":3673.9554762999996,"children":null},"AgentAct":{"count":2269288,"self":12.666407999999999,"total":12.6664076,"children":null},"AgentInfo.ToProto":{"count":19618,"self":0.050305699999999995,"total":0.46937609999999996,"children":{"GenerateSensorData":{"count":19618,"self":0.41907039999999995,"total":0.41907039999999995,"children":null}}}},"gauges":{"Walker.CumulativeReward":{"count":19618,"max":50.239994,"min":-2,"runningAverage":0.137164041,"value":1.35075593,"weightedAverage":0.8610771}},"metadata":{"timer_format_version":"0.1.0","start_time_seconds":"1643113172","unity_version":"2020.3.25f1","command_line_arguments":"C:\\Users\\link\\PycharmProjects\\link_rl\\b_environments\\unity\\UnityWalker\\windows\\UnityWalker.exe -nographics -batchmode --mlagents-port 5005","communication_protocol_version":"1.5.0","com.unity.ml-agents_version":"2.1.0-exp.1","scene_name":"Walker","end_time_seconds":"1643117241"}}